Season_Start,Season_End,Manager,Club,Manager_Nationality
16-Aug-24,25-May-25,Mikel Arteta,Arsenal,Spain
16-Aug-24,25-May-25,Unai Emery,Aston Villa,Spain
16-Aug-24,25-May-25,Andoni Iraola,Bournemouth,Spain
16-Aug-24,25-May-25,Thomas Frank,Brentford,Denmark
16-Aug-24,25-May-25,Fabian Hürzeler,Brighton,Germany
16-Aug-24,25-May-25,Enzo Maresca,Chelsea,Italy
16-Aug-24,25-May-25,Oliver Glasner,Crystal Palace,Austria
16-Aug-24,25-May-25,Sean Dyche,Everton,England
16-Aug-24,25-May-25,Marco Alexandre Saraiva da Silva,Fulham,Portugal
16-Aug-24,25-May-25,Kieran McKenna,Ipswich,Northern Ireland
16-Aug-24,25-May-25,Steve Cooper,Leicester,Wales
16-Aug-24,25-May-25,Arne Slot,Liverpool,Netherlands
16-Aug-24,25-May-25,Pep Guardiola,Man City,Spain
16-Aug-24,25-May-25,Ruben Filipe Marques Diogo Amorim,Man United,Portugal
16-Aug-24,25-May-25,Ruud van Nistelrooij,Man United,Netherlands
16-Aug-24,25-May-25,Erik ten Hag,Man United,Netherlands
16-Aug-24,25-May-25,Eddie Howe,Newcastle,England
16-Aug-24,25-May-25,Nuno Herlander Simões Espírito Santo,Nott'm Forest,Portugal
16-Aug-24,25-May-25,Russell Martin,Southampton,Scotland
16-Aug-24,25-May-25,Ange Postecoglou,Tottenham,Australia
16-Aug-24,25-May-25,Julen Lopetegui,West Ham,Spain
16-Aug-24,25-May-25,Gary O'Neil,Wolves,England
11-Aug-23,19-May-24,Mikel Arteta,Arsenal,Spain
11-Aug-23,19-May-24,Unai Emery,Aston Villa,Spain
11-Aug-23,19-May-24,Andoni Iraola,Bournemouth,Spain
11-Aug-23,19-May-24,Thomas Frank,Brentford,Denmark
11-Aug-23,19-May-24,Roberto De Zerbi,Brighton,Italy
11-Aug-23,19-May-24,Vincent Kompany,Burnley,Belgium
11-Aug-23,19-May-24,Mauricio Pochettino,Chelsea,Argentina
11-Aug-23,19-May-24,Oliver Glasner,Crystal Palace,Austria
11-Aug-23,19-May-24,Patrick McCarthy,Crystal Palace,Ireland
11-Aug-23,19-May-24,Roy Hodgson,Crystal Palace,England
11-Aug-23,19-May-24,Sean Dyche,Everton,England
11-Aug-23,19-May-24,Marco Alexandre Saraiva da Silva,Fulham,Portugal
11-Aug-23,19-May-24,Jürgen Klopp,Liverpool,Germany
11-Aug-23,19-May-24,Rob Edwards,Luton,Wales
11-Aug-23,19-May-24,Pep Guardiola,Man City,Spain
11-Aug-23,19-May-24,Erik ten Hag,Man United,Netherlands
11-Aug-23,19-May-24,Eddie Howe,Newcastle,England
11-Aug-23,19-May-24,Nuno Herlander Simões Espírito Santo,Nott'm Forest,Portugal
11-Aug-23,19-May-24,Steve Cooper,Nott'm Forest,Wales
11-Aug-23,19-May-24,Chris Wilder,Sheffield United,England
11-Aug-23,19-May-24,Paul Heckingbottom,Sheffield United,England
11-Aug-23,19-May-24,Ange Postecoglou,Tottenham,Australia
11-Aug-23,19-May-24,David Moyes,West Ham,Scotland
11-Aug-23,19-May-24,Gary O'Neil,Wolves,England
06-Aug-22,28-May-23,Mikel Arteta,Arsenal,Spain
06-Aug-22,28-May-23,Unai Emery,Aston Villa,Spain
06-Aug-22,28-May-23,Aaron Danks,Aston Villa,England
06-Aug-22,28-May-23,Steven Gerrard,Aston Villa,England
06-Aug-22,28-May-23,Gary O'Neil,Bournemouth,England
06-Aug-22,28-May-23,Scott Parker,Bournemouth,England
06-Aug-22,28-May-23,Thomas Frank,Brentford,Denmark
06-Aug-22,28-May-23,Roberto De Zerbi,Brighton,Italy
06-Aug-22,28-May-23,Bruno Saltor,Chelsea,Spain
06-Aug-22,28-May-23,Graham Potter,Chelsea,England
06-Aug-22,28-May-23,Thomas Tuchel,Chelsea,Germany
06-Aug-22,28-May-23,Frank Lampard,Chelsea,England
06-Aug-22,28-May-23,Roy Hodgson,Crystal Palace,England
06-Aug-22,28-May-23,Patrick McCarthy,Crystal Palace,Ireland
06-Aug-22,28-May-23,Patrick Vieira,Crystal Palace,France
06-Aug-22,28-May-23,Sean Dyche,Everton,England
06-Aug-22,28-May-23,Marco Alexandre Saraiva da Silva,Fulham,Portugal
06-Aug-22,28-May-23,Sam Allardyce,Leeds,England
06-Aug-22,28-May-23,Javier Gracia,Leeds,Spain
06-Aug-22,28-May-23,Michael Skubala,Leeds,England
06-Aug-22,28-May-23,Jesse Marsch,Leeds,United States
06-Aug-22,28-May-23,Dean Smith,Leicester,England
06-Aug-22,28-May-23,Adam Sadler,Leicester,England
06-Aug-22,28-May-23,Brendan Rodgers,Leicester,Northern Ireland
06-Aug-22,28-May-23,Jürgen Klopp,Liverpool,Germany
06-Aug-22,28-May-23,Pep Guardiola,Man City,Spain
06-Aug-22,28-May-23,Erik ten Hag,Man United,Netherlands
06-Aug-22,28-May-23,Eddie Howe,Newcastle,England
06-Aug-22,28-May-23,Steve Cooper,Nott'm Forest,Wales
06-Aug-22,28-May-23,Rubén Sellés,Southampton,Spain
06-Aug-22,28-May-23,Nathan Jones,Southampton,Wales
06-Aug-22,28-May-23,Ralph Hasenhüttl,Southampton,Austria
06-Aug-22,28-May-23,Ryan Mason,Tottenham,England
06-Aug-22,28-May-23,Cristian Stellini,Tottenham,Italy
06-Aug-22,28-May-23,Antonio Conte,Tottenham,Italy
06-Aug-22,28-May-23,David Moyes,West Ham,Scotland
06-Aug-22,28-May-23,Julen Lopetegui,Wolves,Spain
06-Aug-22,28-May-23,Steve Davis,Wolves,England
06-Aug-22,28-May-23,Bruno Miguel Silva do Nascimento,Wolves,Portugal
13-Aug-21,22-May-22,Mikel Arteta,Arsenal,Spain
13-Aug-21,22-May-22,Steven Gerrard,Aston Villa,England
13-Aug-21,22-May-22,Thomas Frank,Brentford,Denmark
13-Aug-21,22-May-22,Graham Potter,Brighton,England
13-Aug-21,22-May-22,Michael Jackson,Burnley,England
13-Aug-21,22-May-22,Sean Dyche,Burnley,England
13-Aug-21,22-May-22,Thomas Tuchel,Chelsea,Germany
13-Aug-21,22-May-22,Patrick Vieira,Crystal Palace,France
13-Aug-21,22-May-22,Frank Lampard,Everton,England
13-Aug-21,22-May-22,Duncan Ferguson,Everton,Scotland
13-Aug-21,22-May-22,Rafael Benítez,Everton,Spain
13-Aug-21,22-May-22,Jesse Marsch,Leeds,United States
13-Aug-21,22-May-22,Marcelo Bielsa,Leeds,Argentina
13-Aug-21,22-May-22,Brendan Rodgers,Leicester,Northern Ireland
13-Aug-21,22-May-22,Jürgen Klopp,Liverpool,Germany
13-Aug-21,22-May-22,Pep Guardiola,Man City,Spain
13-Aug-21,22-May-22,Ralf Rangnick,Man United,Germany
13-Aug-21,22-May-22,Michael Carrick,Man United,England
13-Aug-21,22-May-22,Ole Gunnar Solskjær,Man United,Norway
13-Aug-21,22-May-22,Eddie Howe,Newcastle,England
13-Aug-21,22-May-22,Graeme Jones,Newcastle,England
13-Aug-21,22-May-22,Steve Bruce,Newcastle,England
13-Aug-21,22-May-22,Dean Smith,Norwich,England
13-Aug-21,22-May-22,Daniel Farke,Norwich,Germany
13-Aug-21,22-May-22,Ralph Hasenhüttl,Southampton,Austria
13-Aug-21,22-May-22,Antonio Conte,Tottenham,Italy
13-Aug-21,22-May-22,Nuno Herlander Simões Espírito Santo,Tottenham,Portugal
13-Aug-21,22-May-22,Roy Hodgson,Watford,England
13-Aug-21,22-May-22,Claudio Ranieri,Watford,Italy
13-Aug-21,22-May-22,Xisco Muñoz,Watford,Spain
13-Aug-21,22-May-22,David Moyes,West Ham,Scotland
13-Aug-21,22-May-22,Bruno Miguel Silva do Nascimento,Wolves,Portugal
12-Sep-20,23-May-21,Mikel Arteta,Arsenal,Spain
12-Sep-20,23-May-21,Dean Smith,Aston Villa,England
12-Sep-20,23-May-21,Graham Potter,Brighton,England
12-Sep-20,23-May-21,Sean Dyche,Burnley,England
12-Sep-20,23-May-21,Thomas Tuchel,Chelsea,Germany
12-Sep-20,23-May-21,Frank Lampard,Chelsea,England
12-Sep-20,23-May-21,Roy Hodgson,Crystal Palace,England
12-Sep-20,23-May-21,Carlo Ancelotti,Everton,Italy
12-Sep-20,23-May-21,Scott Parker,Fulham,England
12-Sep-20,23-May-21,Marcelo Bielsa,Leeds,Argentina
12-Sep-20,23-May-21,Brendan Rodgers,Leicester,Northern Ireland
12-Sep-20,23-May-21,Jürgen Klopp,Liverpool,Germany
12-Sep-20,23-May-21,Pep Guardiola,Man City,Spain
12-Sep-20,23-May-21,Ole Gunnar Solskjær,Man United,Norway
12-Sep-20,23-May-21,Steve Bruce,Newcastle,England
12-Sep-20,23-May-21,Paul Heckingbottom,Sheffield United,England
12-Sep-20,23-May-21,Chris Wilder,Sheffield United,England
12-Sep-20,23-May-21,Ralph Hasenhüttl,Southampton,Austria
12-Sep-20,23-May-21,Ryan Mason,Tottenham,England
12-Sep-20,23-May-21,José Mário dos Santos Mourinho Félix,Tottenham,Portugal
12-Sep-20,23-May-21,Sam Allardyce,West Brom,England
12-Sep-20,23-May-21,Slaven Bilic,West Brom,Croatia
12-Sep-20,23-May-21,David Moyes,West Ham,Scotland
12-Sep-20,23-May-21,Nuno Herlander Simões Espírito Santo,Wolves,Portugal
09-Aug-19,26-Jul-20,Mikel Arteta,Arsenal,Spain
09-Aug-19,26-Jul-20,Fredrik Ljungberg,Arsenal,Sweden
09-Aug-19,26-Jul-20,Unai Emery,Arsenal,Spain
09-Aug-19,26-Jul-20,Dean Smith,Aston Villa,England
09-Aug-19,26-Jul-20,Eddie Howe,Bournemouth,England
09-Aug-19,26-Jul-20,Graham Potter,Brighton,England
09-Aug-19,26-Jul-20,Sean Dyche,Burnley,England
09-Aug-19,26-Jul-20,Frank Lampard,Chelsea,England
09-Aug-19,26-Jul-20,Roy Hodgson,Crystal Palace,England
09-Aug-19,26-Jul-20,Carlo Ancelotti,Everton,Italy
09-Aug-19,26-Jul-20,Duncan Ferguson,Everton,Scotland
09-Aug-19,26-Jul-20,Marco Alexandre Saraiva da Silva,Everton,Portugal
09-Aug-19,26-Jul-20,Brendan Rodgers,Leicester,Northern Ireland
09-Aug-19,26-Jul-20,Jürgen Klopp,Liverpool,Germany
09-Aug-19,26-Jul-20,Pep Guardiola,Man City,Spain
09-Aug-19,26-Jul-20,Ole Gunnar Solskjær,Man United,Norway
09-Aug-19,26-Jul-20,Steve Bruce,Newcastle,England
09-Aug-19,26-Jul-20,Daniel Farke,Norwich,Germany
09-Aug-19,26-Jul-20,Chris Wilder,Sheffield United,England
09-Aug-19,26-Jul-20,Ralph Hasenhüttl,Southampton,Austria
09-Aug-19,26-Jul-20,José Mário dos Santos Mourinho Félix,Tottenham,Portugal
09-Aug-19,26-Jul-20,Mauricio Pochettino,Tottenham,Argentina
09-Aug-19,26-Jul-20,Nigel Pearson,Watford,England
09-Aug-19,26-Jul-20,Hayden Mullins,Watford,England
09-Aug-19,26-Jul-20,Enrique Sánchez Flores,Watford,Spain
09-Aug-19,26-Jul-20,Javier Gracia,Watford,Spain
09-Aug-19,26-Jul-20,David Moyes,West Ham,Scotland
09-Aug-19,26-Jul-20,Manuel Pellegrini,West Ham,Chile
09-Aug-19,26-Jul-20,Nuno Herlander Simões Espírito Santo,Wolves,Portugal
10-Aug-18,12-May-19,Unai Emery,Arsenal,Spain
10-Aug-18,12-May-19,Eddie Howe,Bournemouth,England
10-Aug-18,12-May-19,Chris Hughton,Brighton,Ireland
10-Aug-18,12-May-19,Sean Dyche,Burnley,England
10-Aug-18,12-May-19,Neil Warnock,Cardiff,England
10-Aug-18,12-May-19,Maurizio Sarri,Chelsea,Italy
10-Aug-18,12-May-19,Roy Hodgson,Crystal Palace,England
10-Aug-18,12-May-19,Marco Alexandre Saraiva da Silva,Everton,Portugal
10-Aug-18,12-May-19,Scott Parker,Fulham,England
10-Aug-18,12-May-19,Claudio Ranieri,Fulham,Italy
10-Aug-18,12-May-19,Slavisa Jokanovic,Fulham,Serbia
10-Aug-18,12-May-19,Jan Siewert,Huddersfield,Germany
10-Aug-18,12-May-19,Mark Hudson,Huddersfield,England
10-Aug-18,12-May-19,David Wagner,Huddersfield,United States
10-Aug-18,12-May-19,Brendan Rodgers,Leicester,Northern Ireland
10-Aug-18,12-May-19,Mike Stowell,Leicester,England
10-Aug-18,12-May-19,Claude Puel,Leicester,France
10-Aug-18,12-May-19,Jürgen Klopp,Liverpool,Germany
10-Aug-18,12-May-19,Pep Guardiola,Man City,Spain
10-Aug-18,12-May-19,Ole Gunnar Solskjær,Man United,Norway
10-Aug-18,12-May-19,José Mário dos Santos Mourinho Félix,Man United,Portugal
10-Aug-18,12-May-19,Rafael Benítez,Newcastle,Spain
10-Aug-18,12-May-19,Ralph Hasenhüttl,Southampton,Austria
10-Aug-18,12-May-19,Kelvin Davis,Southampton,England
10-Aug-18,12-May-19,Mark Hughes,Southampton,Wales
10-Aug-18,12-May-19,Mauricio Pochettino,Tottenham,Argentina
10-Aug-18,12-May-19,Javier Gracia,Watford,Spain
10-Aug-18,12-May-19,Manuel Pellegrini,West Ham,Chile
10-Aug-18,12-May-19,Nuno Herlander Simões Espírito Santo,Wolves,Portugal
11-Aug-17,13-May-18,Arsène Wenger,Arsenal,France
11-Aug-17,13-May-18,Eddie Howe,Bournemouth,England
11-Aug-17,13-May-18,Chris Hughton,Brighton,Ireland
11-Aug-17,13-May-18,Sean Dyche,Burnley,England
11-Aug-17,13-May-18,Antonio Conte,Chelsea,Italy
11-Aug-17,13-May-18,Roy Hodgson,Crystal Palace,England
11-Aug-17,13-May-18,Frank de Boer,Crystal Palace,Netherlands
11-Aug-17,13-May-18,Sam Allardyce,Everton,England
11-Aug-17,13-May-18,David Unsworth,Everton,England
11-Aug-17,13-May-18,Ronald Koeman,Everton,Netherlands
11-Aug-17,13-May-18,David Wagner,Huddersfield,United States
11-Aug-17,13-May-18,Claude Puel,Leicester,France
11-Aug-17,13-May-18,Craig Shakespeare,Leicester,England
11-Aug-17,13-May-18,Jürgen Klopp,Liverpool,Germany
11-Aug-17,13-May-18,Pep Guardiola,Man City,Spain
11-Aug-17,13-May-18,José Mário dos Santos Mourinho Félix,Man United,Portugal
11-Aug-17,13-May-18,Rafael Benítez,Newcastle,Spain
11-Aug-17,13-May-18,Mauricio Pellegrino,Southampton,Argentina
11-Aug-17,13-May-18,Mark Hughes,Southampton,Wales
11-Aug-17,13-May-18,Paul Lambert,Stoke,Scotland
11-Aug-17,13-May-18,Eddie Niedzwiecki,Stoke,Wales
11-Aug-17,13-May-18,Carlos Augusto Soares da Costa Faria Carvalhal,Swansea,Portugal
11-Aug-17,13-May-18,Leon Britton,Swansea,England
11-Aug-17,13-May-18,Paul Clement,Swansea,England
11-Aug-17,13-May-18,Mauricio Pochettino,Tottenham,Argentina
11-Aug-17,13-May-18,Javier Gracia,Watford,Spain
11-Aug-17,13-May-18,Marco Alexandre Saraiva da Silva,Watford,Portugal
11-Aug-17,13-May-18,Darren Moore,West Brom,Jamaica
11-Aug-17,13-May-18,Alan Pardew,West Brom,England
11-Aug-17,13-May-18,Gary Megson,West Brom,England
11-Aug-17,13-May-18,Tony Pulis,West Brom,Wales
11-Aug-17,13-May-18,David Moyes,West Ham,Scotland
11-Aug-17,13-May-18,Slaven Bilic,West Ham,Croatia
13-Aug-16,21-May-17,Arsène Wenger,Arsenal,France
13-Aug-16,21-May-17,Eddie Howe,Bournemouth,England
13-Aug-16,21-May-17,Sean Dyche,Burnley,England
13-Aug-16,21-May-17,Antonio Conte,Chelsea,Italy
13-Aug-16,21-May-17,Sam Allardyce,Crystal Palace,England
13-Aug-16,21-May-17,Alan Pardew,Crystal Palace,England
13-Aug-16,21-May-17,Ronald Koeman,Everton,Netherlands
13-Aug-16,21-May-17,Marco Alexandre Saraiva da Silva,Hull,Portugal
13-Aug-16,21-May-17,Mike Phelan,Hull,England
13-Aug-16,21-May-17,Craig Shakespeare,Leicester,England
13-Aug-16,21-May-17,Claudio Ranieri,Leicester,Italy
13-Aug-16,21-May-17,Jürgen Klopp,Liverpool,Germany
13-Aug-16,21-May-17,Pep Guardiola,Man City,Spain
13-Aug-16,21-May-17,José Mário dos Santos Mourinho Félix,Man United,Portugal
13-Aug-16,21-May-17,Steve Agnew,Middlesbrough,England
13-Aug-16,21-May-17,Aitor Karanka,Middlesbrough,Spain
13-Aug-16,21-May-17,Claude Puel,Southampton,France
13-Aug-16,21-May-17,Mark Hughes,Stoke,Wales
13-Aug-16,21-May-17,David Moyes,Sunderland,Scotland
13-Aug-16,21-May-17,Paul Clement,Swansea,England
13-Aug-16,21-May-17,Alan Curtis,Swansea,Wales
13-Aug-16,21-May-17,Bob Bradley,Swansea,United States
13-Aug-16,21-May-17,Francesco Guidolin,Swansea,Italy
13-Aug-16,21-May-17,Mauricio Pochettino,Tottenham,Argentina
13-Aug-16,21-May-17,Walter Mazzarri,Watford,Italy
13-Aug-16,21-May-17,Tony Pulis,West Brom,Wales
13-Aug-16,21-May-17,Slaven Bilic,West Ham,Croatia
08-Aug-15,17-May-16,Arsène Wenger,Arsenal,France
08-Aug-15,17-May-16,Eric Black,Aston Villa,Scotland
08-Aug-15,17-May-16,Rémi Garde,Aston Villa,France
08-Aug-15,17-May-16,Kevin MacDonald,Aston Villa,Scotland
08-Aug-15,17-May-16,Tim Sherwood,Aston Villa,England
08-Aug-15,17-May-16,Eddie Howe,Bournemouth,England
08-Aug-15,17-May-16,Guus Hiddink,Chelsea,Netherlands
08-Aug-15,17-May-16,Eddie Newton,Chelsea,England
08-Aug-15,17-May-16,Steve Holland,Chelsea,England
08-Aug-15,17-May-16,José Mário dos Santos Mourinho Félix,Chelsea,Portugal
08-Aug-15,17-May-16,Alan Pardew,Crystal Palace,England
08-Aug-15,17-May-16,David Unsworth,Everton,England
08-Aug-15,17-May-16,Roberto Martínez,Everton,Spain
08-Aug-15,17-May-16,Claudio Ranieri,Leicester,Italy
08-Aug-15,17-May-16,Jürgen Klopp,Liverpool,Germany
08-Aug-15,17-May-16,Brendan Rodgers,Liverpool,Northern Ireland
08-Aug-15,17-May-16,Manuel Pellegrini,Man City,Chile
08-Aug-15,17-May-16,Louis van Gaal,Man United,Netherlands
08-Aug-15,17-May-16,Rafael Benítez,Newcastle,Spain
08-Aug-15,17-May-16,Steve McClaren,Newcastle,England
08-Aug-15,17-May-16,Alex Neil,Norwich,Scotland
08-Aug-15,17-May-16,Ronald Koeman,Southampton,Netherlands
08-Aug-15,17-May-16,Mark Hughes,Stoke,Wales
08-Aug-15,17-May-16,Sam Allardyce,Sunderland,England
08-Aug-15,17-May-16,Dick Advocaat,Sunderland,Netherlands
08-Aug-15,17-May-16,Francesco Guidolin,Swansea,Italy
08-Aug-15,17-May-16,Alan Curtis,Swansea,Wales
08-Aug-15,17-May-16,Garry Monk,Swansea,England
08-Aug-15,17-May-16,Mauricio Pochettino,Tottenham,Argentina
08-Aug-15,17-May-16,Enrique Sánchez Flores,Watford,Spain
08-Aug-15,17-May-16,Tony Pulis,West Brom,Wales
08-Aug-15,17-May-16,Slaven Bilic,West Ham,Croatia
16-Aug-14,24-May-15,Arsène Wenger,Arsenal,France
16-Aug-14,24-May-15,Tim Sherwood,Aston Villa,England
16-Aug-14,24-May-15,Paul Lambert,Aston Villa,Scotland
16-Aug-14,24-May-15,Sean Dyche,Burnley,England
16-Aug-14,24-May-15,José Mário dos Santos Mourinho Félix,Chelsea,Portugal
16-Aug-14,24-May-15,Neil Warnock,Crystal Palace,England
16-Aug-14,24-May-15,Alan Pardew,Crystal Palace,England
16-Aug-14,24-May-15,Keith Millen,Crystal Palace,England
16-Aug-14,24-May-15,Roberto Martínez,Everton,Spain
16-Aug-14,24-May-15,Steve Bruce,Hull,England
16-Aug-14,24-May-15,Nigel Pearson,Leicester,England
16-Aug-14,24-May-15,Brendan Rodgers,Liverpool,Northern Ireland
16-Aug-14,24-May-15,Manuel Pellegrini,Man City,Chile
16-Aug-14,24-May-15,Louis van Gaal,Man United,Netherlands
16-Aug-14,24-May-15,John Carver,Newcastle,England
16-Aug-14,24-May-15,Chris Ramsey,QPR,England
16-Aug-14,24-May-15,Kevin Bond,QPR,England
16-Aug-14,24-May-15,Harry Redknapp,QPR,England
16-Aug-14,24-May-15,Ronald Koeman,Southampton,Netherlands
16-Aug-14,24-May-15,Mark Hughes,Stoke,Wales
16-Aug-14,24-May-15,Dick Advocaat,Sunderland,Netherlands
16-Aug-14,24-May-15,Gustavo Poyet,Sunderland,Uruguay
16-Aug-14,24-May-15,Garry Monk,Swansea,England
16-Aug-14,24-May-15,Mauricio Pochettino,Tottenham,Argentina
16-Aug-14,24-May-15,Tony Pulis,West Brom,Wales
16-Aug-14,24-May-15,Rob Kelly,West Brom,England
16-Aug-14,24-May-15,Alan Irvine,West Brom,Scotland
16-Aug-14,24-May-15,Sam Allardyce,West Ham,England
17-Aug-13,11-May-14,Arsène Wenger,Arsenal,France
17-Aug-13,11-May-14,Paul Lambert,Aston Villa,Scotland
17-Aug-13,11-May-14,Ole Gunnar Solskjær,Cardiff,Norway
17-Aug-13,11-May-14,David Kerslake,Cardiff,England
17-Aug-13,11-May-14,Malky Mackay,Cardiff,Scotland
17-Aug-13,11-May-14,José Mário dos Santos Mourinho Félix,Chelsea,Portugal
17-Aug-13,11-May-14,Keith Millen,Crystal Palace,England
17-Aug-13,11-May-14,Ian Holloway,Crystal Palace,England
17-Aug-13,11-May-14,Roberto Martínez,Everton,Spain
17-Aug-13,11-May-14,Felix Magath,Fulham,Germany
17-Aug-13,11-May-14,Rene Meulensteen,Fulham,Netherlands
17-Aug-13,11-May-14,Martin Jol,Fulham,Netherlands
17-Aug-13,11-May-14,Steve Bruce,Hull,England
17-Aug-13,11-May-14,Brendan Rodgers,Liverpool,Northern Ireland
17-Aug-13,11-May-14,Manuel Pellegrini,Man City,Chile
17-Aug-13,11-May-14,Ryan Giggs,Man United,Wales
17-Aug-13,11-May-14,David Moyes,Man United,Scotland
17-Aug-13,11-May-14,Alan Pardew,Newcastle,England
17-Aug-13,11-May-14,Neil Adams,Norwich,England
17-Aug-13,11-May-14,Chris Hughton,Norwich,Ireland
17-Aug-13,11-May-14,Mauricio Pochettino,Southampton,Argentina
17-Aug-13,11-May-14,Tony Pulis,Stoke,Wales
17-Aug-13,11-May-14,Mark Hughes,Stoke,Wales
17-Aug-13,11-May-14,Gustavo Poyet,Sunderland,Uruguay
17-Aug-13,11-May-14,Kevin Ball,Sunderland,England
17-Aug-13,11-May-14,Paolo Di Canio,Sunderland,Italy
17-Aug-13,11-May-14,Garry Monk,Swansea,England
17-Aug-13,11-May-14,Michael Laudrup,Swansea,Denmark
17-Aug-13,11-May-14,Tim Sherwood,Tottenham,England
17-Aug-13,11-May-14,André Villas-Boas,Tottenham,Portugal
17-Aug-13,11-May-14,Pepe Mel,West Brom,Spain
17-Aug-13,11-May-14,Steve Clarke,West Brom,Scotland
17-Aug-13,11-May-14,Sam Allardyce,West Ham,England
18-Aug-12,19-May-13,Arsène Wenger,Arsenal,France
18-Aug-12,19-May-13,Rafael Benítez,Chelsea,Spain
18-Aug-12,19-May-13,Roberto Di Matteo,Chelsea,Italy
18-Aug-12,19-May-13,David Moyes,Everton,Scotland
18-Aug-12,19-May-13,Martin Jol,Fulham,Netherlands
18-Aug-12,19-May-13,Brian Kidd,Man City,England
18-Aug-12,19-May-13,Roberto Mancini,Man City,Italy
18-Aug-12,19-May-13,Alex Ferguson,Man United,Scotland
18-Aug-12,19-May-13,Alan Pardew,Newcastle,England
18-Aug-12,19-May-13,Paul Lambert,Norwich,Scotland
18-Aug-12,19-May-13,Chris Hughton,Norwich,Ireland
18-Aug-12,19-May-13,Harry Redknapp,QPR,England
18-Aug-12,19-May-13,Mark Bowen,QPR,Wales
18-Aug-12,19-May-13,Mark Hughes,QPR,Wales
18-Aug-12,19-May-13,Eamonn Dolan,Reading,Ireland
18-Aug-12,19-May-13,Nigel Adkins,Reading,England
18-Aug-12,19-May-13,Brian McDermott,Reading,England
18-Aug-12,19-May-13,Mauricio Pochettino,Southampton,Argentina
18-Aug-12,19-May-13,Tony Pulis,Stoke,Wales
18-Aug-12,19-May-13,Paolo Di Canio,Sunderland,Italy
18-Aug-12,19-May-13,Martin O'Neill,Sunderland,Northern Ireland
18-Aug-12,19-May-13,Brendan Rodgers,Swansea,Northern Ireland
18-Aug-12,19-May-13,Michael Laudrup,Swansea,Denmark
18-Aug-12,19-May-13,André Villas-Boas,Tottenham,Portugal
18-Aug-12,19-May-13,Steve Clarke,West Brom,Scotland
18-Aug-12,19-May-13,Sam Allardyce,West Ham,England
18-Aug-12,19-May-13,Roberto Martínez,Wigan,Spain
13-Aug-11,13-May-12,Arsène Wenger,Arsenal,France
13-Aug-11,13-May-12,Alex McLeish,Aston Villa,Scotland
13-Aug-11,13-May-12,Steve Kean,Blackburn,Scotland
13-Aug-11,13-May-12,Owen Coyle,Bolton,Ireland
13-Aug-11,13-May-12,Roberto Di Matteo,Chelsea,Italy
13-Aug-11,13-May-12,André Villas-Boas,Chelsea,Portugal
13-Aug-11,13-May-12,David Moyes,Everton,Scotland
13-Aug-11,13-May-12,Martin Jol,Fulham,Netherlands
13-Aug-11,13-May-12,Kenny Dalglish,Liverpool,Scotland
13-Aug-11,13-May-12,Roberto Mancini,Man City,Italy
13-Aug-11,13-May-12,Alex Ferguson,Man United,Scotland
13-Aug-11,13-May-12,Alan Pardew,Newcastle,England
13-Aug-11,13-May-12,Paul Lambert,Norwich,Scotland
13-Aug-11,13-May-12,Mark Hughes,QPR,Wales
13-Aug-11,13-May-12,Neil Warnock,QPR,England
13-Aug-11,13-May-12,Tony Pulis,Stoke,Wales
13-Aug-11,13-May-12,Martin O'Neill,Sunderland,Northern Ireland
13-Aug-11,13-May-12,Eric Black,Sunderland,Scotland
13-Aug-11,13-May-12,Steve Bruce,Sunderland,England
13-Aug-11,13-May-12,Brendan Rodgers,Swansea,Northern Ireland
13-Aug-11,13-May-12,Harry Redknapp,Tottenham,England
13-Aug-11,13-May-12,Roy Hodgson,West Brom,England
13-Aug-11,13-May-12,Roberto Martínez,Wigan,Spain
13-Aug-11,13-May-12,Terry Connor,Wolves,England
13-Aug-11,13-May-12,Mick McCarthy,Wolves,Ireland
14-Aug-10,22-May-11,Arsène Wenger,Arsenal,France
14-Aug-10,22-May-11,Gérard Houllier,Aston Villa,France
14-Aug-10,22-May-11,Kevin MacDonald,Aston Villa,Scotland
14-Aug-10,22-May-11,Alex McLeish,Birmingham,Scotland
14-Aug-10,22-May-11,Steve Kean,Blackburn,Scotland
14-Aug-10,22-May-11,Sam Allardyce,Blackburn,England
14-Aug-10,22-May-11,Ian Holloway,Blackpool,England
14-Aug-10,22-May-11,Owen Coyle,Bolton,Ireland
14-Aug-10,22-May-11,Carlo Ancelotti,Chelsea,Italy
14-Aug-10,22-May-11,David Moyes,Everton,Scotland
14-Aug-10,22-May-11,Mark Hughes,Fulham,Wales
14-Aug-10,22-May-11,Kenny Dalglish,Liverpool,Scotland
14-Aug-10,22-May-11,Roberto Mancini,Man City,Italy
14-Aug-10,22-May-11,Alex Ferguson,Man United,Scotland
14-Aug-10,22-May-11,Alan Pardew,Newcastle,England
14-Aug-10,22-May-11,Chris Hughton,Newcastle,Ireland
14-Aug-10,22-May-11,Tony Pulis,Stoke,Wales
14-Aug-10,22-May-11,Steve Bruce,Sunderland,England
14-Aug-10,22-May-11,Harry Redknapp,Tottenham,England
14-Aug-10,22-May-11,Michael Appleton,West Brom,England
14-Aug-10,22-May-11,Roy Hodgson,West Brom,England
14-Aug-10,22-May-11,Roberto Di Matteo,West Brom,Italy
14-Aug-10,22-May-11,Kevin Keen,West Ham,England
14-Aug-10,22-May-11,Avraham Grant,West Ham,Israel
14-Aug-10,22-May-11,Roberto Martínez,Wigan,Spain
14-Aug-10,22-May-11,Mick McCarthy,Wolves,Ireland
15-Aug-09,09-May-10,Arsène Wenger,Arsenal,France
15-Aug-09,09-May-10,Martin O'Neill,Aston Villa,Northern Ireland
15-Aug-09,09-May-10,Alex McLeish,Birmingham,Scotland
15-Aug-09,09-May-10,Sam Allardyce,Blackburn,England
15-Aug-09,09-May-10,Owen Coyle,Bolton,Ireland
15-Aug-09,09-May-10,Gary Megson,Bolton,England
15-Aug-09,09-May-10,Brian Laws,Burnley,England
15-Aug-09,09-May-10,Carlo Ancelotti,Chelsea,Italy
15-Aug-09,09-May-10,David Moyes,Everton,Scotland
15-Aug-09,09-May-10,Roy Hodgson,Fulham,England
15-Aug-09,09-May-10,Iain Dowie,Hull,Northern Ireland
15-Aug-09,09-May-10,Phil Brown,Hull,England
15-Aug-09,09-May-10,Rafael Benítez,Liverpool,Spain
15-Aug-09,09-May-10,Roberto Mancini,Man City,Italy
15-Aug-09,09-May-10,Mark Hughes,Man City,Wales
15-Aug-09,09-May-10,Alex Ferguson,Man United,Scotland
15-Aug-09,09-May-10,Avraham Grant,Portsmouth,Israel
15-Aug-09,09-May-10,Paul Hart,Portsmouth,England
15-Aug-09,09-May-10,Tony Pulis,Stoke,Wales
15-Aug-09,09-May-10,Steve Bruce,Sunderland,England
15-Aug-09,09-May-10,Harry Redknapp,Tottenham,England
15-Aug-09,09-May-10,Gianfranco Zola,West Ham,Italy
15-Aug-09,09-May-10,Roberto Martínez,Wigan,Spain
15-Aug-09,09-May-10,Mick McCarthy,Wolves,Ireland
16-Aug-08,24-May-09,Arsène Wenger,Arsenal,France
16-Aug-08,24-May-09,Martin O'Neill,Aston Villa,Northern Ireland
16-Aug-08,24-May-09,Sam Allardyce,Blackburn,England
16-Aug-08,24-May-09,Paul Ince,Blackburn,England
16-Aug-08,24-May-09,Gary Megson,Bolton,England
16-Aug-08,24-May-09,Guus Hiddink,Chelsea,Netherlands
16-Aug-08,24-May-09,Felipe Scolari,Chelsea,Brazil
16-Aug-08,24-May-09,David Moyes,Everton,Scotland
16-Aug-08,24-May-09,Roy Hodgson,Fulham,England
16-Aug-08,24-May-09,Phil Brown,Hull,England
16-Aug-08,24-May-09,Rafael Benítez,Liverpool,Spain
16-Aug-08,24-May-09,Mark Hughes,Man City,Wales
16-Aug-08,24-May-09,Alex Ferguson,Man United,Scotland
16-Aug-08,24-May-09,Gareth Southgate,Middlesbrough,England
16-Aug-08,24-May-09,Alan Shearer,Newcastle,England
16-Aug-08,24-May-09,Joe Kinnear,Newcastle,Ireland
16-Aug-08,24-May-09,Chris Hughton,Newcastle,Ireland
16-Aug-08,24-May-09,Kevin Keegan,Newcastle,England
16-Aug-08,24-May-09,Paul Hart,Portsmouth,England
16-Aug-08,24-May-09,Tony Adams,Portsmouth,England
16-Aug-08,24-May-09,Joe Jordan,Portsmouth,Scotland
16-Aug-08,24-May-09,Tony Pulis,Stoke,Wales
16-Aug-08,24-May-09,Ricky Sbragia,Sunderland,Scotland
16-Aug-08,24-May-09,Roy Keane,Sunderland,Ireland
16-Aug-08,24-May-09,Harry Redknapp,Tottenham,England
16-Aug-08,24-May-09,Juande Ramos,Tottenham,Spain
16-Aug-08,24-May-09,Tony Mowbray,West Brom,England
16-Aug-08,24-May-09,Gianfranco Zola,West Ham,Italy
16-Aug-08,24-May-09,Kevin Keen,West Ham,England
16-Aug-08,24-May-09,Alan Curbishley,West Ham,England
16-Aug-08,24-May-09,Steve Bruce,Wigan,England
11-Aug-07,11-May-08,Arsène Wenger,Arsenal,France
11-Aug-07,11-May-08,Martin O'Neill,Aston Villa,Northern Ireland
11-Aug-07,11-May-08,Alex McLeish,Birmingham,Scotland
11-Aug-07,11-May-08,Eric Black,Birmingham,Scotland
11-Aug-07,11-May-08,Mark Hughes,Blackburn,Wales
11-Aug-07,11-May-08,Gary Megson,Bolton,England
11-Aug-07,11-May-08,Archie Knox,Bolton,Scotland
11-Aug-07,11-May-08,Sammy Lee,Bolton,England
11-Aug-07,11-May-08,Avraham Grant,Chelsea,Israel
11-Aug-07,11-May-08,José Mário dos Santos Mourinho Félix,Chelsea,Portugal
11-Aug-07,11-May-08,Paul Jewell,Derby,England
11-Aug-07,11-May-08,Billy Davies,Derby,Scotland
11-Aug-07,11-May-08,David Moyes,Everton,Scotland
11-Aug-07,11-May-08,Roy Hodgson,Fulham,England
11-Aug-07,11-May-08,Ray Lewington,Fulham,England
11-Aug-07,11-May-08,Lawrie Sanchez,Fulham,Northern Ireland
11-Aug-07,11-May-08,Rafael Benítez,Liverpool,Spain
11-Aug-07,11-May-08,Sven-Göran Eriksson,Man City,Sweden
11-Aug-07,11-May-08,Sven-Göran Eriksson,Man City,Sweden
11-Aug-07,11-May-08,Alex Ferguson,Man United,Scotland
11-Aug-07,11-May-08,Gareth Southgate,Middlesbrough,England
11-Aug-07,11-May-08,Kevin Keegan,Newcastle,England
11-Aug-07,11-May-08,Nigel Pearson,Newcastle,England
11-Aug-07,11-May-08,Sam Allardyce,Newcastle,England
11-Aug-07,11-May-08,Harry Redknapp,Portsmouth,England
11-Aug-07,11-May-08,Steve Coppell,Reading,England
11-Aug-07,11-May-08,Roy Keane,Sunderland,Ireland
11-Aug-07,11-May-08,Juande Ramos,Tottenham,Spain
11-Aug-07,11-May-08,Clive Allen,Tottenham,England
11-Aug-07,11-May-08,Martin Jol,Tottenham,Netherlands
11-Aug-07,11-May-08,Alan Curbishley,West Ham,England
11-Aug-07,11-May-08,Frank Barlow,Wigan,England
11-Aug-07,11-May-08,Steve Bruce,Wigan,England
11-Aug-07,11-May-08,Chris Hutchings,Wigan,England
19-Aug-06,13-May-07,Arsène Wenger,Arsenal,France
19-Aug-06,13-May-07,Martin O'Neill,Aston Villa,Northern Ireland
19-Aug-06,13-May-07,Mark Hughes,Blackburn,Wales
19-Aug-06,13-May-07,Sammy Lee,Bolton,England
19-Aug-06,13-May-07,Sam Allardyce,Bolton,England
19-Aug-06,13-May-07,Les Reed,Charlton,England
19-Aug-06,13-May-07,Iain Dowie,Charlton,Northern Ireland
19-Aug-06,13-May-07,Alan Pardew,Charlton,England
19-Aug-06,13-May-07,José Mário dos Santos Mourinho Félix,Chelsea,Portugal
19-Aug-06,13-May-07,David Moyes,Everton,Scotland
19-Aug-06,13-May-07,Lawrie Sanchez,Fulham,Northern Ireland
19-Aug-06,13-May-07,Chris Coleman,Fulham,Wales
19-Aug-06,13-May-07,Rafael Benítez,Liverpool,Spain
19-Aug-06,13-May-07,Stuart Pearce,Man City,England
19-Aug-06,13-May-07,Alex Ferguson,Man United,Scotland
19-Aug-06,13-May-07,Gareth Southgate,Middlesbrough,England
19-Aug-06,13-May-07,Nigel Pearson,Newcastle,England
19-Aug-06,13-May-07,Glenn Roeder,Newcastle,England
19-Aug-06,13-May-07,Harry Redknapp,Portsmouth,England
19-Aug-06,13-May-07,Steve Coppell,Reading,England
19-Aug-06,13-May-07,Neil Warnock,Sheffield United,England
19-Aug-06,13-May-07,Martin Jol,Tottenham,Netherlands
19-Aug-06,13-May-07,Aidy Boothroyd,Watford,England
19-Aug-06,13-May-07,Alan Curbishley,West Ham,England
19-Aug-06,13-May-07,Paul Jewell,Wigan,England
13-Aug-05,07-May-06,Arsène Wenger,Arsenal,France
13-Aug-05,07-May-06,David O'Leary,Aston Villa,Ireland
13-Aug-05,07-May-06,Steve Bruce,Birmingham,England
13-Aug-05,07-May-06,Mark Hughes,Blackburn,Wales
13-Aug-05,07-May-06,Sam Allardyce,Bolton,England
13-Aug-05,07-May-06,Alan Curbishley,Charlton,England
13-Aug-05,07-May-06,José Mário dos Santos Mourinho Félix,Chelsea,Portugal
13-Aug-05,07-May-06,David Moyes,Everton,Scotland
13-Aug-05,07-May-06,Chris Coleman,Fulham,Wales
13-Aug-05,07-May-06,Rafael Benítez,Liverpool,Spain
13-Aug-05,07-May-06,Stuart Pearce,Man City,England
13-Aug-05,07-May-06,Alex Ferguson,Man United,Scotland
13-Aug-05,07-May-06,Steve McClaren,Middlesbrough,England
13-Aug-05,07-May-06,Glenn Roeder,Newcastle,England
13-Aug-05,07-May-06,Graeme Souness,Newcastle,Scotland
13-Aug-05,07-May-06,Harry Redknapp,Portsmouth,England
13-Aug-05,07-May-06,Joe Jordan,Portsmouth,Scotland
13-Aug-05,07-May-06,Alain Perrin,Portsmouth,France
13-Aug-05,07-May-06,Kevin Ball,Sunderland,England
13-Aug-05,07-May-06,Mick McCarthy,Sunderland,Ireland
13-Aug-05,07-May-06,Martin Jol,Tottenham,Netherlands
13-Aug-05,07-May-06,Bryan Robson,West Brom,England
13-Aug-05,07-May-06,Alan Pardew,West Ham,England
13-Aug-05,07-May-06,Paul Jewell,Wigan,England
14-Aug-04,15-May-05,Arsène Wenger,Arsenal,France
14-Aug-04,15-May-05,David O'Leary,Aston Villa,Ireland
14-Aug-04,15-May-05,Steve Bruce,Birmingham,England
14-Aug-04,15-May-05,Mark Hughes,Blackburn,Wales
14-Aug-04,15-May-05,Tony Parkes,Blackburn,England
14-Aug-04,15-May-05,Sam Allardyce,Bolton,England
14-Aug-04,15-May-05,Alan Curbishley,Charlton,England
14-Aug-04,15-May-05,José Mário dos Santos Mourinho Félix,Chelsea,Portugal
14-Aug-04,15-May-05,Iain Dowie,Crystal Palace,Northern Ireland
14-Aug-04,15-May-05,David Moyes,Everton,Scotland
14-Aug-04,15-May-05,Chris Coleman,Fulham,Wales
14-Aug-04,15-May-05,Rafael Benítez,Liverpool,Spain
14-Aug-04,15-May-05,Stuart Pearce,Man City,England
14-Aug-04,15-May-05,Kevin Keegan,Man City,England
14-Aug-04,15-May-05,Alex Ferguson,Man United,Scotland
14-Aug-04,15-May-05,Steve McClaren,Middlesbrough,England
14-Aug-04,15-May-05,John Carver,Newcastle,England
14-Aug-04,15-May-05,Bobby Robson,Newcastle,England
14-Aug-04,15-May-05,Graeme Souness,Newcastle,Scotland
14-Aug-04,15-May-05,Nigel Worthington,Norwich,Northern Ireland
14-Aug-04,15-May-05,Alain Perrin,Portsmouth,France
14-Aug-04,15-May-05,Velimir Zajec,Portsmouth,Croatia
14-Aug-04,15-May-05,Steve Wigley,Southampton,England
14-Aug-04,15-May-05,Harry Redknapp,Southampton,England
14-Aug-04,15-May-05,Paul Sturrock,Southampton,Scotland
14-Aug-04,15-May-05,Martin Jol,Tottenham,Netherlands
14-Aug-04,15-May-05,Jacques Santini,Tottenham,France
14-Aug-04,15-May-05,Bryan Robson,West Brom,England
14-Aug-04,15-May-05,Frank Burrows,West Brom,Scotland
14-Aug-04,15-May-05,Gary Megson,West Brom,England
16-Aug-03,15-May-04,Arsène Wenger,Arsenal,France
16-Aug-03,15-May-04,David O'Leary,Aston Villa,Ireland
16-Aug-03,15-May-04,Steve Bruce,Birmingham,England
16-Aug-03,15-May-04,Graeme Souness,Blackburn,Scotland
16-Aug-03,15-May-04,Sam Allardyce,Bolton,England
16-Aug-03,15-May-04,Alan Curbishley,Charlton,England
16-Aug-03,15-May-04,Claudio Ranieri,Chelsea,Italy
16-Aug-03,15-May-04,David Moyes,Everton,Scotland
16-Aug-03,15-May-04,Chris Coleman,Fulham,Wales
16-Aug-03,15-May-04,Eddie Gray,Leeds,England
16-Aug-03,15-May-04,Peter Reid,Leeds,England
16-Aug-03,15-May-04,Micky Adams,Leicester,England
16-Aug-03,15-May-04,Gérard Houllier,Liverpool,France
16-Aug-03,15-May-04,Kevin Keegan,Man City,England
16-Aug-03,15-May-04,Alex Ferguson,Man United,Scotland
16-Aug-03,15-May-04,Steve McClaren,Middlesbrough,England
16-Aug-03,15-May-04,Bobby Robson,Newcastle,England
16-Aug-03,15-May-04,Harry Redknapp,Portsmouth,England
16-Aug-03,15-May-04,Paul Sturrock,Southampton,Scotland
16-Aug-03,15-May-04,Steve Wigley,Southampton,England
16-Aug-03,15-May-04,Gordon Strachan,Southampton,Scotland
16-Aug-03,15-May-04,David Pleat,Tottenham,England
16-Aug-03,15-May-04,Glenn Hoddle,Tottenham,England
16-Aug-03,15-May-04,Dave Jones,Wolves,England
17-Aug-02,11-May-03,Arsène Wenger,Arsenal,France
17-Aug-02,11-May-03,Graham Taylor,Aston Villa,England
17-Aug-02,11-May-03,Steve Bruce,Birmingham,England
17-Aug-02,11-May-03,Graeme Souness,Blackburn,Scotland
17-Aug-02,11-May-03,Sam Allardyce,Bolton,England
17-Aug-02,11-May-03,Alan Curbishley,Charlton,England
17-Aug-02,11-May-03,Claudio Ranieri,Chelsea,Italy
17-Aug-02,11-May-03,David Moyes,Everton,Scotland
17-Aug-02,11-May-03,Chris Coleman,Fulham,Wales
17-Aug-02,11-May-03,Jean Tigana,Fulham,France
17-Aug-02,11-May-03,Terry Venables,Leeds,England
17-Aug-02,11-May-03,Peter Reid,Leeds,England
17-Aug-02,11-May-03,Gérard Houllier,Liverpool,France
17-Aug-02,11-May-03,Kevin Keegan,Man City,England
17-Aug-02,11-May-03,Alex Ferguson,Man United,Scotland
17-Aug-02,11-May-03,Steve McClaren,Middlesbrough,England
17-Aug-02,11-May-03,Bobby Robson,Newcastle,England
17-Aug-02,11-May-03,Gordon Strachan,Southampton,Scotland
17-Aug-02,11-May-03,Mick McCarthy,Sunderland,Ireland
17-Aug-02,11-May-03,Howard Wilkinson,Sunderland,England
17-Aug-02,11-May-03,Glenn Hoddle,Tottenham,England
17-Aug-02,11-May-03,Gary Megson,West Brom,England
17-Aug-02,11-May-03,Trevor Brooking,West Ham,England
17-Aug-02,11-May-03,Glenn Roeder,West Ham,England
18-Aug-01,11-May-02,Arsène Wenger,Arsenal,France
18-Aug-01,11-May-02,Graham Taylor,Aston Villa,England
18-Aug-01,11-May-02,Stuart Gray,Aston Villa,England
18-Aug-01,11-May-02,Graeme Souness,Blackburn,Scotland
18-Aug-01,11-May-02,Sam Allardyce,Bolton,England
18-Aug-01,11-May-02,Alan Curbishley,Charlton,England
18-Aug-01,11-May-02,Claudio Ranieri,Chelsea,Italy
18-Aug-01,11-May-02,Billy McEwan,Derby,Scotland
18-Aug-01,11-May-02,Colin Todd,Derby,England
18-Aug-01,11-May-02,John Gregory,Derby,England
18-Aug-01,11-May-02,Jim Smith,Derby,England
18-Aug-01,11-May-02,David Moyes,Everton,Scotland
18-Aug-01,11-May-02,Walter Smith,Everton,Scotland
18-Aug-01,11-May-02,Jean Tigana,Fulham,France
18-Aug-01,11-May-02,George Burley,Ipswich,Scotland
18-Aug-01,11-May-02,David O'Leary,Leeds,Ireland
18-Aug-01,11-May-02,Micky Adams,Leicester,England
18-Aug-01,11-May-02,Dave Bassett,Leicester,England
18-Aug-01,11-May-02,Peter Taylor,Leicester,England
18-Aug-01,11-May-02,Gérard Houllier,Liverpool,France
18-Aug-01,11-May-02,Alex Ferguson,Man United,Scotland
18-Aug-01,11-May-02,Steve McClaren,Middlesbrough,England
18-Aug-01,11-May-02,Bobby Robson,Newcastle,England
18-Aug-01,11-May-02,Gordon Strachan,Southampton,Scotland
18-Aug-01,11-May-02,Peter Reid,Sunderland,England
18-Aug-01,11-May-02,Glenn Hoddle,Tottenham,England
18-Aug-01,11-May-02,Glenn Roeder,West Ham,England
19-Aug-00,19-May-01,Arsène Wenger,Arsenal,France
19-Aug-00,19-May-01,John Gregory,Aston Villa,England
19-Aug-00,19-May-01,Jim Jefferies,Bradford,Scotland
19-Aug-00,19-May-01,Stuart McCall,Bradford,Scotland
19-Aug-00,19-May-01,Chris Hutchings,Bradford,England
19-Aug-00,19-May-01,Alan Curbishley,Charlton,England
19-Aug-00,19-May-01,Claudio Ranieri,Chelsea,Italy
19-Aug-00,19-May-01,Ray Wilkins,Chelsea,England
19-Aug-00,19-May-01,Gianluca Vialli,Chelsea,Italy
19-Aug-00,19-May-01,Gordon Strachan,Coventry,Scotland
19-Aug-00,19-May-01,Jim Smith,Derby,England
19-Aug-00,19-May-01,Walter Smith,Everton,Scotland
19-Aug-00,19-May-01,George Burley,Ipswich,Scotland
19-Aug-00,19-May-01,David O'Leary,Leeds,Ireland
19-Aug-00,19-May-01,Peter Taylor,Leicester,England
19-Aug-00,19-May-01,Gérard Houllier,Liverpool,France
19-Aug-00,19-May-01,Joe Royle,Man City,England
19-Aug-00,19-May-01,Alex Ferguson,Man United,Scotland
19-Aug-00,19-May-01,Terry Venables,Middlesbrough,England
19-Aug-00,19-May-01,Bryan Robson,Middlesbrough,England
19-Aug-00,19-May-01,Bobby Robson,Newcastle,England
19-Aug-00,19-May-01,Stuart Gray,Southampton,England
19-Aug-00,19-May-01,Peter Reid,Sunderland,England
19-Aug-00,19-May-01,David Pleat,Tottenham,England
19-Aug-00,19-May-01,George Graham,Tottenham,Scotland
19-Aug-00,19-May-01,Glenn Hoddle,Tottenham,England
19-Aug-00,19-May-01,Glenn Roeder,West Ham,England
19-Aug-00,19-May-01,Harry Redknapp,West Ham,England
